<?xml version="1.0" encoding="UTF-8"?>
<!DOCTYPE MudletPackage>
<MudletPackage version="1.0">
    <TriggerPackage/>
    <TimerPackage>
        <TimerGroup isActive="yes" isFolder="yes" isTempTimer="no" isOffsetTimer="no">
            <name>Animated Timers</name>
            <script></script>
            <command></command>
            <packageName></packageName>
            <time>00:00:00.000</time>
            <Timer isActive="yes" isFolder="no" isTempTimer="no" isOffsetTimer="no">
                <name>Animate</name>
                <script>demonnic.anitimer:animate()</script>
                <command></command>
                <packageName></packageName>
                <time>00:00:00.005</time>
            </Timer>
        </TimerGroup>
    </TimerPackage>
    <AliasPackage>
        <Alias isActive="yes" isFolder="no">
            <name>anitimer demo</name>
            <script>demonnic.newContainer = demonnic.newContainer or Geyser.Container:new({x=0, y=0, height=400, width = 200})
local myCss1 = [[
border-width: 4px;
border-radius: 7;
border-color: red;
background-color: green;
]]
local myCss2 = [[
border-width: 4px;
border-radius: 7;
border-color: green;
background-color: red;
]]
demonnic.anitimer:new(&quot;Test1&quot;, {x=200, y=100, height = 30, width = 300, color=&quot;red&quot;}, 5)
demonnic.anitimer:new(&quot;Test2&quot;, {x = 0, y=&quot;50%&quot;, height = 20, width = &quot;100%&quot;}, 10, {container = demonnic.newContainer, showTime = true, timerCaption = &quot;Test2&quot;, cssFront = myCss1, cssBack = myCss2})
demonnic.anitimer:new(&quot;Test3&quot;, {x = 500, y = 300, height = 40, width = 100}, 8, {showTimer = false, timerCaption = &quot;Test3&quot;, cssFront = myCss2, cssBack = myCss1})
demonnic.anitimer:new(&quot;Test4&quot;, {x=-20, y=0, height = 20, width = &quot;100%&quot;}, 18, {container = demonnic.newContainer, showtime = false})</script>
            <command></command>
            <packageName></packageName>
            <regex>^anitimer demo$</regex>
        </Alias>
    </AliasPackage>
    <ActionPackage/>
    <ScriptPackage>
        <ScriptGroup isActive="yes" isFolder="yes">
            <name>Animated Timers</name>
            <packageName></packageName>
            <script>--[[Based somewhat on code I found on the aetolia forums. The url I found the original code from was
http://dev.aetolia.com/node/14212?page=10#comment-486181 but I have modified it to work with geyser gauges]]
function demonnic:echo(msg)
 cecho(string.format(&quot;\n&lt;blue&gt;(&lt;green&gt;Demonnic&lt;blue&gt;):&lt;white&gt; %s&quot;, msg))
end</script>
            <eventHandlerList/>
            <Script isActive="yes" isFolder="no">
                <name>code</name>
                <packageName></packageName>
                <script>demonnic = demonnic or {}
demonnic.anitimer = demonnic.anitimer or {}
demonnic.anitimer.timers = demonnic.anitimer.timers or {}
demonnic.anitimer.activeTimers = demonnic.anitimer.activeTimers or {}

function demonnic.anitimer:new(name, cons, time, options)
  if options and type(options) ~= &quot;table&quot; then
    error(&quot;demonnic.anitimer:new() -- if you provide a fourth parameter, it must be a table. Please see http://github.com/demonnic/animatedtimers for detailed usage information&quot;)
  end
  if not options then
    options = {}
  end
  if options.showTime == nil then options.showTime = true end 
  options.timerCaption = options.timerCaption or &quot;&quot;

  if not demonnic.anitimer.timers[name] then
    demonnic.anitimer.timers[name] = {}
    demonnic.anitimer.timers[name].gauge = Geyser.Gauge:new(cons, options.container)
    demonnic.anitimer.timers[name].watch = createStopWatch()
  else
    for k,v in pairs(cons) do
      demonnic.anitimer.timers[name].gauge[k] = v
    end
    if options.container then
      options.container:add(demonnic.anitimer.timers[name].gauge)
    else
      Geyser:add(demonnic.anitimer.timers[name].gauge)
    end
  end
    demonnic.anitimer.timers[name].max = time
    demonnic.anitimer.timers[name].current = time
    demonnic.anitimer.timers[name].showTime = options.showTime
    demonnic.anitimer.timers[name].timerCaption = options.timerCaption
    if options.cssFront then
      if not options.cssBack then
        options.cssBack = options.cssFront .. &quot;background-color: black;&quot;
      end
      demonnic.anitimer.timers[name].gauge:setStyleSheet(options.cssFront, options.cssBack)
    end
    if not table.contains(demonnic.anitimer.activeTimers, name) then table.insert(demonnic.anitimer.activeTimers, name) end
    resetStopWatch(demonnic.anitimer.timers[name].watch)
    startStopWatch(demonnic.anitimer.timers[name].watch)
    demonnic.anitimer:update(name)
end

function demonnic.anitimer:getTime(name)
  if not demonnic.anitimer.timers[name] then return 0 end
  local max = demonnic.anitimer.timers[name].max
  local current = getStopWatchTime(demonnic.anitimer.timers[name].watch)
  local newValue = max - current
  return newValue
end

function demonnic.anitimer:showTimers()
  demonnic:echo(&quot;&lt;yellow&gt;List of animated timers which have been created&quot;)
  for timer,_ in pairs(demonnic.anitimer.timers) do
    demonnic:echo(string.format(&quot;   %s&quot;, timer))
  end
  local actives = &quot;&quot;
  for _,timer in ipairs(demonnic.anitimer.activeTimers) do
    if actives == &quot;&quot; then
      actives = timer
    else
      actives = string.format(&quot;%s, %s&quot;, actives, timer)
    end
  end
  demonnic:echo(&quot;&lt;yellow&gt;Active timers: &lt;red&gt;&quot; .. actives)
end

function demonnic.anitimer:update(name)
  if not demonnic.anitimer.timers[name] then return nil end
  demonnic.anitimer.timers[name].current = demonnic.anitimer:getTime(name)
  local time = demonnic.anitimer.timers[name].current
  demonnic.anitimer.timers[name].text = (demonnic.anitimer.timers[name].showTime and string.format(&quot;%.1f %s&quot;, time, demonnic.anitimer.timers[name].timerCaption or &quot;&quot;)) or (demonnic.anitimer.timers[name].timerCaption or &quot;&quot;)
  demonnic.anitimer.timers[name].gauge:setValue(demonnic.anitimer.timers[name].current, demonnic.anitimer.timers[name].max, demonnic.anitimer.timers[name].text)
end

function demonnic.anitimer:stop(name)
  if not demonnic.anitimer.timers[name] then return nil end
  stopStopWatch(demonnic.anitimer.timers[name].watch)
  demonnic.anitimer.timers[name].gauge:hide()
  for i,v in pairs(demonnic.anitimer.activeTimers) do
    if demonnic.anitimer.timers[v] == demonnic.anitimer.timers[name] then
      table.remove(demonnic.anitimer.activeTimers, i)
      return
    end
  end
end

function demonnic.anitimer:stopAll()
  for _,name in pairs(demonnic.anitimer.activeTimers) do
    demonnic.anitimer:stop(name)
  end
end

function demonnic.anitimer:pause(name)
  if not demonnic.anitimer.timers[name] then return nil end
  stopStopWatch(demonnic.anitimer.timers[name].watch)
  for i,v in pairs(demonnic.anitimer.activeTimers) do
    if v == name then
      table.remove(demonnic.anitimer.activeTimers, i)
      return
    end
  end
end

function demonnic.anitimer:pauseAll()
  for name,_ in pairs(demonnic.anitimer.timers) do
    demonnic.anitimer:pause(name)
  end
end

function demonnic.anitimer:destroy(name)
  if not demonnic.anitimer.timers[name] then return nil end
  demonnic.anitimer:stop(name)
  demonnic.anitimer.timers[name] = nil
  return true
end

function demonnic.anitimer:destroyAll()
  for name,_ in pairs(demonnic.anitimer.timers) do
    demonnic.anitimer:destroy(name)
  end
end

function demonnic.anitimer:start(name)
  if not demonnic.anitimer.timers[name] then return nil end
  local current = demonnic.anitimer.timers[name].current
  if current == 0 then return nil end
  demonnic.anitimer.timers[name].max = current
  resetStopWatch(demonnic.anitimer.timers[name].watch)
  startStopWatch(demonnic.anitimer.timers[name].watch)
  if not table.contains(demonnic.anitimer.activeTimers, name) then table.insert(demonnic.anitimer.activeTimers, name) end
  demonnic.anitimer.timers[name].gauge:show()
  demonnic.anitimer:update(name)
end

function demonnic.anitimer:startAll()
  for name,_ in pairs(demonnic.anitimer.timers) do
    if not table.contains(demonnic.anitimer.activeTimers, name) then
      demonnic.anitimer:start(name)
    end
  end
end

function demonnic.anitimer:animate()
  for i,v in pairs(demonnic.anitimer.activeTimers) do
    name = v
    demonnic.anitimer:update(name)
    if demonnic.anitimer:getTime(name) &lt;= 0 then
      demonnic.anitimer.timers[name].gauge:hide()
      table.remove(demonnic.anitimer.activeTimers, i)
      stopStopWatch(demonnic.anitimer.timers[name].watch)
      demonnic.anitimer.timers[name].max = 0
      demonnic.anitimer.timers[name].current = 0
    end
  end
end</script>
                <eventHandlerList/>
            </Script>
        </ScriptGroup>
    </ScriptPackage>
    <KeyPackage/>
</MudletPackage>
