<?xml version="1.0" encoding="UTF-8"?>
<!DOCTYPE MudletPackage>
<MudletPackage version="1.0">
    <TriggerPackage/>
    <TimerPackage>
        <TimerGroup isActive="yes" isFolder="yes" isTempTimer="no" isOffsetTimer="no">
            <name>Animated Timers</name>
            <script></script>
            <command></command>
            <packageName></packageName>
            <time>00:00:00.000</time>
            <Timer isActive="yes" isFolder="no" isTempTimer="no" isOffsetTimer="no">
                <name>Animate</name>
                <script>demonnic.anitimer:animate()</script>
                <command></command>
                <packageName></packageName>
                <time>00:00:00.005</time>
            </Timer>
        </TimerGroup>
    </TimerPackage>
    <AliasPackage>
        <Alias isActive="yes" isFolder="no">
            <name>anitimer demo</name>
            <script>demonnic.newContainer = demonnic.newContainer or Geyser.Container:new({x=0, y=0, height=400, width = 200})
myCss1 = [[
border-width: 4px;
border-radius: 7;
border-color: red;
background-color: green;
]]
myCss2 = [[
border-width: 4px;
border-radius: 7;
border-color: green;
background-color: red;
]]
demonnic.anitimer:new(&quot;Test1&quot;, {x=200, y=100, height = 30, width = 300, color=&quot;red&quot;}, 5)
demonnic.anitimer:new(&quot;Test2&quot;, {x = 0, y=&quot;50%&quot;, height = 20, width = &quot;100%&quot;}, 10, demonnic.newContainer, true,&quot;Test2&quot;, myCss1, myCss2)
demonnic.anitimer:new(&quot;Test3&quot;, {x = 500, y = 300, height = 40, width = 100}, 8, &quot;&quot;,false, &quot;Test3&quot;, myCss2, myCss1)
demonnic.anitimer:new(&quot;Test4&quot;, {x=-20, y=0, height = 20, width = &quot;100%&quot;}, 18, demonnic.newContainer, false, &quot;&quot;)</script>
            <command></command>
            <packageName></packageName>
            <regex>^anitimer demo$</regex>
        </Alias>
    </AliasPackage>
    <ActionPackage/>
    <ScriptPackage>
        <ScriptGroup isActive="yes" isFolder="yes">
            <name>Animated Timers</name>
            <packageName></packageName>
            <script>--[[Based somewhat on code I found on the aetolia forums. The url I found the original code from was
http://dev.aetolia.com/node/14212?page=10#comment-486181 but I have modified it to work with geyser gauges]]
function demonnic:echo(msg)
 cecho(string.format(&quot;\n&lt;blue&gt;(&lt;green&gt;Demonnic&lt;blue&gt;):&lt;white&gt; %s&quot;, msg))
end</script>
            <eventHandlerList/>
            <Script isActive="yes" isFolder="no">
                <name>code</name>
                <packageName></packageName>
                <script>demonnic = demonnic or {}
demonnic.anitimer = demonnic.anitimer or {}
demonnic.anitimer.timers = demonnic.anitimer.timers or {}
demonnic.anitimer.activeTimers = demonnic.anitimer.activeTimers or {}

function demonnic.anitimer:new(name, cons, time, container, showTime, timerCaption, ...)
  local args = {...}
  if container == &quot;&quot; then container = nil end
  if showTime == nil then
    showTime = true
  end
  if timerCaption == nil then
    timerCaption=&quot;&quot;
  end
  if demonnic.anitimer.timers[name] then
    demonnic.anitimer.timers[name].max = time
    demonnic.anitimer.timers[name].current = time
    demonnic.anitimer.timers[name].showTime = showTime
    demonnic.anitimer.timers[name].timerCaption = timerCaption
    demonnic.anitimer.timers[name].text = (demonnic.anitimer.timers[name].showTime and string.format(&quot;%.1f %s&quot;, time, timerCaption or &quot;&quot;)) or (timerCaption or &quot;&quot;)
    for k,v in pairs(cons) do
      demonnic.anitimer.timers[name].gauge[k] = v
    end
    demonnic.anitimer.timers[name].gauge:setValue(time, time, demonnic.anitimer.timers[name].text)
    if container then
      container:add(demonnic.anitimer.timers[name].gauge)
    else
      Geyser:add(demonnic.anitimer.timers[name].gauge)
    end
    demonnic.anitimer.timers[name].gauge:show()
  else
    demonnic.anitimer.timers[name] = {}
    demonnic.anitimer.timers[name].gauge = Geyser.Gauge:new(cons, container)
    demonnic.anitimer.timers[name].max = time
    demonnic.anitimer.timers[name].current = time
    demonnic.anitimer.timers[name].showTime = showTime
    demonnic.anitimer.timers[name].text = (demonnic.anitimer.timers[name].showTime and string.format(&quot;%.1f %s&quot;, time, timerCaption or &quot;&quot;)) or (timerCaption or &quot;&quot;)
    demonnic.anitimer.timers[name].gauge:setValue(time, time, demonnic.anitimer.timers[name].text)
    demonnic.anitimer.timers[name].watch = createStopWatch()
  end

  if #args &gt; 0 then
    demonnic.anitimer.timers[name].gauge:setStyleSheet(unpack(args))
  end
  if not table.contains(demonnic.anitimer.activeTimers, name) then table.insert(demonnic.anitimer.activeTimers, name) end
  resetStopWatch(demonnic.anitimer.timers[name].watch)
  startStopWatch(demonnic.anitimer.timers[name].watch)
end

function demonnic.anitimer:getTime(name)
  if not demonnic.anitimer.timers[name] then return 0 end
  local max = demonnic.anitimer.timers[name].max
  local current = getStopWatchTime(demonnic.anitimer.timers[name].watch)
  local newValue = max - current
  return newValue
end

function demonnic.anitimer:showTimers()
  demonnic:echo(&quot;&lt;yellow&gt;List of animated timers which have been created&quot;)
  for timer,_ in pairs(demonnic.anitimer.timers) do
    demonnic:echo(string.format(&quot;   %s&quot;, timer))
  end
  local actives = &quot;&quot;
  for _,timer in ipairs(demonnic.anitimer.activeTimers) do
    if actives == &quot;&quot; then
      actives = timer
    else
      actives = string.format(&quot;%s, %s&quot;, actives, timer)
    end
  end
  demonnic:echo(&quot;&lt;yellow&gt;Active timers: &lt;red&gt;&quot; .. actives)
end

function demonnic.anitimer:update(name)
  demonnic.anitimer.timers[name].current = demonnic.anitimer:getTime(name)
  local time = demonnic.anitimer.timers[name].current
  demonnic.anitimer.timers[name].text = (demonnic.anitimer.timers[name].showTime and string.format(&quot;%.1f %s&quot;, time, demonnic.anitimer.timers[name].timerCaption or &quot;&quot;)) or (demonnic.anitimer.timers[name].timerCaption or &quot;&quot;)
  demonnic.anitimer.timers[name].gauge:setValue(demonnic.anitimer.timers[name].current, demonnic.anitimer.timers[name].max, demonnic.anitimer.timers[name].text)
end

function demonnic.anitimer:stop(name)
  if not demonnic.anitimer.timers[name] then return nil end
  stopStopWatch(demonnic.anitimer.timers[name].watch)
  demonnic.anitimer.timers[name].gauge:hide()
  for i,v in pairs(demonnic.anitimer.activeTimers) do
    if demonnic.anitimer.timers[v] == demonnic.anitimer.timers[name] then
      table.remove(demonnic.anitimer.activeTimers, i)
      return
    end
  end
end

function demonnic.anitimer:animate()
  for i,v in pairs(demonnic.anitimer.activeTimers) do
    name = v
    demonnic.anitimer:update(name)
    if demonnic.anitimer:getTime(name) &lt;= 0 then
      demonnic.anitimer.timers[name].gauge:hide()
      table.remove(demonnic.anitimer.activeTimers, i)
      stopStopWatch(demonnic.anitimer.timers[name].watch)
    end
  end
end</script>
                <eventHandlerList/>
            </Script>
        </ScriptGroup>
    </ScriptPackage>
    <KeyPackage/>
</MudletPackage>
